{
  "threshold": 0.08987201690673827,
  "precision_val_class0": 0.39285714285714285,
  "recall_val_class0": 0.55,
  "f1_val_class0": 0.4583333333333333,
  "ap_val_class0": 0.30300517307951574,
  "auroc_val_class0": 0.7406113537117903
}